Model Size Ranking,Model Name,Category,Parameters,Memory Usage,Primary Function,Performance Impact,Usage Frequency,Critical Level,Technical Limitations,Performance Constraints,Scalability Limits,Quality Issues,Mitigation Strategies
1,Python RegEx,Pattern Engine,N/A,<1 MB,Text pattern matching,Minimal,Very High,Essential,Basic pattern matching only; No semantic understanding; Case-sensitive by default,O(n) complexity for simple patterns; O(2^n) worst case for complex patterns,Scales linearly with text length; Memory usage minimal,Cannot handle context or meaning; Brittle with input variations,Pre-compile patterns; Use simple patterns; Add fallback mechanisms
2,ASCII Filter,Text Cleaner,N/A,Negligible,Unicode normalization,Negligible,High,Important,ASCII-only processing; Strips non-ASCII characters; No Unicode support,Negligible CPU overhead; Fast string operations,Excellent scalability for text processing,Loses international characters; May corrupt non-English text,Implement proper Unicode handling; Add character encoding detection
3,FuzzyWuzzy Levenshtein,String Matcher,N/A,<10 MB,Approximate matching,Low,Medium,Moderate,O(n*m) algorithm complexity; Limited to character-level differences; No semantic similarity,Quadratic time complexity; Expensive for long strings,Poor scalability for large text comparisons; CPU intensive,Only handles typos and minor variations; No meaning-based matching,Use approximate algorithms; Pre-filter candidates; Implement caching
4,Pattern-Based Intent Classifier,Rule Engine,N/A,<5 MB,Query classification,Low,High,Important,Rule-based logic only; No machine learning; Static patterns,Fast pattern matching but limited flexibility,Good scalability but brittle with new patterns,92% accuracy ceiling; Cannot adapt to new intents automatically,Add machine learning classification; Implement dynamic pattern learning
5,Weighted Score Combiner,Ranking Algorithm,N/A,Negligible,Result ranking,Minimal,High,Important,Simple weighted average; No adaptive weighting; Static configuration,Linear complexity; Very fast execution,Excellent scalability for ranking,Suboptimal weighting may reduce relevance; No learning capability,Implement adaptive weighting; Add machine learning for optimal weights
6,Tolerance-Based Matcher,Constraint Solver,N/A,Minimal,Constraint satisfaction,Minimal,Medium,Moderate,Basic threshold matching; No fuzzy constraints; Binary decisions,Fast boolean operations; Minimal CPU usage,Excellent scalability for constraint checking,Rigid constraint matching; No partial satisfaction,Implement fuzzy constraints; Add confidence scoring
7,Context Manager,Session Storage,N/A,Variable,Conversation tracking,Low,High,Important,Memory-based storage; No persistence; 30-minute timeout limit,Memory usage grows with session count; No garbage collection,Limited to 50 concurrent sessions; Memory constraints,Context loss on timeout; No long-term memory,Implement persistent storage; Add intelligent context compression
8,Response Formatter,Template Engine,N/A,Minimal,Output generation,Minimal,High,Important,Template-based only; No dynamic generation; Limited customization,Fast string formatting; Minimal CPU usage,Excellent scalability for response formatting,Static templates may not fit all contexts; Limited personalization,Implement dynamic response generation; Add AI-powered formatting
9,Vocabulary Term Indexer,Indexing System,N/A,Variable,Term analysis,Low,Medium,Moderate,Static vocabulary; No dynamic updates; Memory-based storage,Linear search complexity; Memory intensive for large vocabularies,Limited to ~200K terms; Memory constraints with scaling,No semantic term relationships; Static frequency analysis,Implement trie-based indexing; Add semantic term clustering
10,Category Classifier,Rule Engine,N/A,<1 MB,Query optimization,Minimal,Medium,Moderate,Rule-based categorization; No learning capability; Static categories,Fast rule evaluation; Minimal CPU overhead,Good scalability but limited by rule complexity,Cannot adapt to new categories; May miss edge cases,Implement machine learning classification; Add dynamic category detection
11,Airbnb-Specific Optimizer,Domain Adapter,N/A,<10 MB,Domain customization,Low,High,Important,Hardcoded domain knowledge; No cross-domain applicability; Manual updates required,Lookup table performance; Fast but memory intensive,Good scalability within domain; Poor cross-domain scaling,Domain-specific bias; May miss generic queries,Implement multi-domain support; Add automated domain detection
12,PyMongo Client,Database Interface,N/A,<50 MB,Database connectivity,Medium,High,Critical,Single connection pool; No automatic failover; Limited to MongoDB,Network I/O bound; Connection overhead,Limited by MongoDB connection limits; No distributed queries,Connection failures cause system shutdown; No built-in retry logic,Implement connection pooling; Add automatic reconnection; Use connection monitoring
13,Pickle Serialization,Caching System,N/A,Variable,Data persistence,I/O bound,Medium,Important,Python-specific format; Security vulnerabilities; No versioning,I/O bottleneck for large objects; CPU overhead for serialization,Poor scaling for large cache files; Disk I/O limitations,Pickle security risks; No backward compatibility; Corruption possible,Use JSON or secure serialization; Implement versioning; Add corruption detection
14,NumPy Arrays,Math Library,N/A,Variable,Vector storage,Low,Very High,Critical,Single-threaded operations; Memory contiguous requirement; No GPU support,Memory bandwidth limited; CPU-bound for large arrays,Memory requirements scale linearly; No distributed arrays,Precision limitations with float32; Memory fragmentation possible,Use efficient data types; Implement memory mapping; Add GPU support
15,NumPy Linear Algebra,Math Library,N/A,Minimal,Vector operations,Low,Very High,Critical,CPU-only computation; No automatic parallelization; Limited precision,BLAS dependency for performance; Single-threaded by default,Good scalability with optimized BLAS; Memory bound for large matrices,Numerical stability issues; Precision loss with large computations,Use optimized BLAS; Implement parallel computation; Monitor numerical stability
16,BLAS Implementation,Vector Operations,N/A,Minimal,Linear algebra,Hardware optimized,High,Critical,Hardware-dependent performance; No GPU acceleration; Architecture limitations,Depends on CPU architecture; Memory hierarchy sensitive,Excellent scalability on supported hardware; Poor on unsupported,Performance varies significantly across hardware; Compatibility issues,Use hardware-optimized libraries; Implement GPU fallback; Add performance monitoring
17,BERT Tokenizer,Tokenization,30K vocab,~50 MB,Text tokenization,Low,High,Important,30K vocabulary limit; Subword tokenization artifacts; Language-specific,Fast tokenization but memory intensive for vocabulary,Good scalability for supported languages; Poor for unsupported,Out-of-vocabulary handling; Subword artifacts; Language bias,Expand vocabulary; Implement multilingual tokenizers; Add OOV handling
18,FAISS IndexFlatIP,Vector Database,N/A,Variable,Vector similarity search,Medium,Very High,Critical,No GPU acceleration in current setup; Memory-only storage; No incremental updates,Memory bandwidth limited; CPU-only similarity computation,1.5KB per document memory usage; Limited by available RAM,Precision limitations; No approximate search options in IndexFlatIP,Implement GPU acceleration; Use compressed indexes; Add incremental update capability
19,FAISS Search Engine,Search Algorithm,N/A,Variable,Nearest neighbor search,Medium,High,Critical,Exact search only; No approximate methods; Single-threaded queries,CPU-bound similarity computation; Memory access patterns,Scales linearly with index size; Memory constraints apply,May return suboptimal results for very large indexes,Implement approximate search; Use LSH; Add query optimization
20,all-MiniLM-L6-v2,Large Language Model,22.7M,90-120 MB,Text embeddings,High,Very High,Critical,512 token limit; English-only optimization; 384D embeddings vs 768D+ alternatives,Single-threaded inference; 20-50 embeddings/second; 100ms per query,Limited to ~50K documents tested; Memory scales with document count,General-purpose model; No domain specialization; May miss real estate nuances,Upgrade to larger models; Implement domain fine-tuning; Add multilingual support
21,en_core_web_sm,NLP Pipeline,50M,200-250 MB,Advanced NLP processing,High,Medium,Optional,English-only; Limited entity types; Static model with no updates,CPU-intensive processing; 10-20 documents/second,Memory intensive; Poor scalability for real-time processing,Named entity recognition limitations; No domain-specific entities,Use multilingual models; Implement custom entity recognition; Add model updating
22,BERT Architecture,Transformer Core,22.7M,90 MB,Neural encoding,High,High,Critical,Transformer limitations; Attention quadratic complexity; Fixed architecture,O(n^2) attention complexity; Memory intensive for long sequences,Memory usage quadratic with sequence length; Limited batch processing,Attention limitations for long documents; Position encoding constraints,Implement efficient attention; Use streaming processing; Add architectural improvements
23,PyTorch Framework,Compute Backend,N/A,Variable,Neural computation,High,High,Critical,CPU-only inference; No automatic GPU utilization; Memory management overhead,Dynamic graph overhead; Memory allocation bottlenecks,Good scalability but memory intensive; GIL limitations in Python,Memory leaks possible; Computational overhead; Device management complexity,Enable GPU acceleration; Implement memory monitoring; Use static graphs where possible
24,SpaCy Complete Pipeline,NLP Pipeline,50M,200-250 MB,Complete language processing,High,Medium,Optional,English-focused; Heavy processing pipeline; Static models,Very CPU intensive; 5-10 documents/second; High memory usage,Poor real-time scalability; Memory intensive for concurrent processing,Overkill for current needs; Processing overhead; May introduce bottlenecks,Use lightweight alternatives; Implement selective processing; Add caching
25,Multi-Modal Search Engine,Hybrid System,Combined,Combined,Unified search,High,Very High,Critical,Combination of all above limitations; Complex failure modes; Configuration complexity,Processing overhead from multiple engines; Coordination latency,Scales poorly with additional engines; Complexity management overhead,Result quality depends on weakest engine; Fusion algorithm limitations,Optimize engine selection; Implement adaptive fusion; Add performance monitoring
